reg_code,reg_name,oktmo,address,message_id,message_date,message_category,message_title,message_body,message_pre_answer,message_answer,message_respondent,votes_up,votes_down,message_vote,latitude,longitude
46,Московская область,46000000,"Московская область, Электросталь, проспект Ленина",2469,20181229,Пешеходная инфраструктура,Отсутствует забор вдоль пешеходной зоны на проспекте Ленина,После реконструкции проспекта Ленина за КЦ Октябрь появилась широкая пешеходная зона с низкими бордюрами и велодорожкой  которая идет по краю проезжей части. Пешеходная зона никак не ограждена от случайного наезда автомобиля  что создает риск получения травмы как пешеходов  так велосипедистов  едущих по краю выделенной велодорожки. Так же отсутствует забор с другой части пешеходной зоны вдоль домов. Машины в связи с низкими бордюрами паркуются на пешеходной зоне.,,,,1,0,,55.799224,38.438291
65,Свердловская область,65000000,"Свердловская область, муниципальное образование Город Екатеринбург",2467,20181229,Дорожные знаки и светофоры,Режим работы светофора  на перекрестке Ясная - Волгоградская,На данном перекрестке светофор для пешеходов выделен в отдельный временной интервал  хотя пешеходов здесь умеренное количество. В результате в районе данного перекрестке скапливаются огромные пробки  к тому же немногочисленным пешеходам приходится ждать разрешающего сигнала светофора значительное время. Хочется добавить  что год назад уже вводился данный режим впоследствии отмененный. Хочется задаться вопросом: насколько компетентны сотрудники Администрации Екатеринбурга?,,"Ваша инициатива рассмотрена. В соответствии с Федеральным законом от 08 ноября 2007 года № 257-ФЗ «Об автомобильных дорогах и о дорожной деятельности в Российской Федерации и о внесении изменений в отдельные законодательные акты Российской Федерации»  автомобильные дороги в границах городского округа являются автомобильными дорогами местного значения.Согласно ст. 16 Федерального закона от 06.10.2003 № 131-ФЗ «Об общих принципах организации местного самоуправления в Российской Федерации»  дорожная деятельность в отношении автомобильных дорог местного значения в границах городского округа и обеспечение безопасности дорожного движения на них  включая создание и обеспечение функционирования парковок (парковочных мест)  осуществление муниципального контроля за сохранностью автомобильных дорог местного значения в границах городского округа  а также осуществление иных полномочий в области использования автомобильных дорог и осуществления дорожной деятельности в соответствии с законодательством Российской Федерации относится к полномочиям органов местного самоуправления. Учитывая вышеуказанные нормы федерального законодательства  для решения вопроса  изложенного в инициативе Вам необходимо обратиться в Администрацию города Екатеринбурга по адресу: 620014  Екатеринбург  пр. Ленина  24а. Телефон круглосуточного приема обращений граждан: +7 (343) 253-88-44  Факс: +7 (343) 371-80-37. Электронный адрес: glava@ekadm.ru.",Отдел развития электронного правительства Департамента информатизации и связи Свердловской области,0,0,,56.788593,60.54539
45,Москва,45000000,"Москва, улица Расплетина",2470,20181229,Дорожные знаки и светофоры,"Знаки ""Главная дорога"" на всех примыкающих к перекрестку подъездах?!","На улице Расплетина вблизи пересечения с улицей Берзарина на ""треугольном"" перекрестке около недели назад поставлены знаки ""Главная дорога"" на ВСЕХ примыкающих к перекрестку подъездах! О чём думали те  кто их ставил?",,В настоящее время в районе д. 19 по ул. Расплетина дорожные знаки приоритета 2.1 «Главная дорога» и 2.4 «Уступите дорогу» размещены в полном объеме в соответствии с проектной документацией  разработанной в рамках реализации КСОДД.,Правительство Москвы,0,0,,55.79387,37.483202
40,Санкт-Петербург,40000000,"Санкт-Петербург, Школьная улица",2468,20181229,Пешеходная инфраструктура,Отгородить проезжую часть металлическим ограждением,"Большая просьба отгородить проезжую часть от пешеходной зоны около магазина ""Меркурий"" металлическим ограждением. В этом месте отмечается массовый переход пешеходами улицы Школьная вне зоны пешеходных переходов.",,,,0,3,,59.987488,30.243158
45,Москва,45000000,"Москва, Проектируемый проезд № 6204",2466,20181228,Пешеходная инфраструктура,Пешеходный переход,Здравствуйте! Каждый день дети (и не только) переходят здесь проезд. Т. к. движение одностороннее  машины едут не медленно  особенно утром  торопясь на работу. Детей и взрослых зачастую не пропускают  пройти невозможно! Вижу необходимость установить разметку пешеходного перехода. И по всему проезду  в обоих направлениях  больше лежачих полицейских.,,Поддерживается. Вопрос необходимо рассмотреть на Окружной комиссии по безопасности дорожного движения.,Правительство Москвы,0,0,,55.88248,37.644755
46,Московская область,46000000,"Московская область, Володарское шоссе",2464,20181227,Деятельность органов власти в сфере безопасности дорожного движения,Нет камеры на светофоре,"Отсутствует камера  фиксирующая проезд автотранспорта на запрещающий сигнал светофора. А с пригорода ""Лесное"" по утрам автомобилисты едут сплошным потоком  тем самым препятствуя основному потоку с Володарского. Все чиновники  включая и главу района и губернатора  в курсе данной проблемы  но решений по устранению не выносится.",,,,0,0,,55.519182,37.911986
40,Санкт-Петербург,40000000,"Санкт-Петербург, Нерчинская улица",2463,20181226,Пешеходная инфраструктура,Необходима установка дорожных знаков ,Необходима установка дорожных знаков и нанесение разметки  обозначающих пешеходный переход  по которому ежесуточно проходит около 5000 (пяти тысяч) жителей дома 5/6 по улице Белышева  включая стариков и детей.Дорожки  выложенные из недешевого камня  от трамвайной остановки (название которой Лента) и от гипермаркетов Лента и Касторама до специально оборудованного ступеньками спуска к указанному дому в наличии  а сам законный пешеходный переход отсутствует!,,,,1,0,,59.910911,30.450337
57,Пермский край,57000000,"Пермь, улица Желябова",2462,20181225,Дорожные знаки и светофоры,Не работает светофор,Не работает светофор на всем перекрёстке Парковый проспект - Желябова.,,,,0,0,,57.996868,56.147544
36,Самарская область,36000000,"Самара, Революционная улица",2458,20181224,Дорожные знаки и светофоры,Нужен светофор,На пересечении улицы Революционной и проспекта Карла Маркса из-за большого потока машин и пешеходов необходим светофор с кнопкой. Из-за пешеходов  переходящих дорогу цепочкой по одному  и машин  стоящих в пробке на Революционной  постоянно возникают аварийные ситуации  так как зачастую пешеходов не видно из-за транспорта  а так же из-за плохого освещения пешеходного перехода. Для безопасности пешеходов необходимо сделать на месте нерегулируемого пешеходного перехода регулируемый или убрать его на этом месте вообще  так как в 100 метрах есть регулируемый переход через Революционную на пересечении с Московским шоссе  и в 150 метрах есть нерегулируемый пешеходный переход на пересечении с улицей Гаражной.,,,,6,0,,53.209438,50.173631
17,Владимирская область,17000000,"Владимир, сад 50-летие Победы, 37",2460,20181224,Деятельность органов власти в сфере безопасности дорожного движения,Остановка общественного транспорта,Необходимо установить остановку общественного транспорта в указанном на карте месте. В противном случае есть угроза возникновения ДТП с участием пешеходов. На данном участке переход есть  оборудован соответствующими знаками  но при разрешенной максимальной скорости 90 км/ч подавляющее число водителей дорогу пешеходам не уступают. Что происходит на деле: пассажиры автобуса № 124 Владимир - Богослово при выходе оказываются на краю проезжей части. В непогоду пожилые люди и женщины с детьми оказываются в сложной ситуации  ввиду отсутствия какого-либо укрытия. Частный сектор активно застраивается  и проблема становится все более острой.,,,,1,0,,56.164221,40.340644
36,Самарская область,36000000,"Самара, Печерская улица, 33А",2457,20181224,Дорожные знаки и светофоры,Установка знаков приоритета,"На пересечении улиц Печерская и 4-й проезд отсутствуют знаки ""Главная дорога"" и ""Уступи дорогу"". Так как на недавно отремонтированной улице Печерской установлен светофор на пересечении с улицей Авроры  то движение по данному участку дороги увеличилось. Отсутствие знаков приводит к непониманию водителями  как пересекать перекресток. Прошу рассмотреть необходимость установки знаков ""Главная дорога"" по улице Печерская  и ""Уступи дорогу"" по 4-му проезду. С этим вопросом уже обращалась в компетентные органы  но получила лишь вот такой ответ (Приложение). Департамент транспорта г. о. Самара не отвечает на мои обращения.",,,,0,0,,53.203511,50.18556
45,Москва,45000000,"Москва, улица Гарибальди",2459,20181224,Пешеходная инфраструктура,Отсутствие пешеходного знака и разметки на втором переходе,Здравствуйте  вот по адресу: Москва  Профсоюзная  56 и пересечение улицы Гарибальди  28  корпус 1 на данном видео файле указан пешеходный переход  а переход на улицу Профсоюзная отсутствует  разметку и пешеходный переход было бы неплохо установить  поскольку на видео видно точно  что движения для пешеходов бывает очень затруднительно  и машины паркуют так  что пешеходам приходится пересекать саму проезжую часть вне зоны пешеходного перехода. Было бы неплохо исправить это маленькое недоразумение.,,,,0,0,,55.672905,37.547827
75,Челябинская область,75000000,"Челябинск, переулок Лермонтова",2461,20181225,Пешеходная инфраструктура,Возвращение наземного пешеходного перехода на пересечении ул. Котина и пер. Лермонтова,"Цель: восстановить глупо ликвидированный наземный пешеходный переход на пересечении ул. Котина и пер. Лермонтова. Что даст: повышение безопасности дорожного движения  повышение качества пешеходной среды и удобства передвижения горожанам.Как реализовать: согласно методическим рекомендациям министерства транспорта РФ от 02.07.2017 г. по методам успокоения движения (Приложение 6  часть 5-6. - Оборудование приподнятого пешеходного перехода или приподнятого пересечения) - что идеально подходит для жилых зон и нерегулируемых перекрестков и пешеходных переходов.Предыстория: в 2017 году обратился в ГИБДД по вопросу глупого обустройства пешеходного перехода (на который было выделено немало средств) на пересечении ул. Котина и пер. Лермонтова  а именно: только что отремонтированная разметка пешеходного перехода стала упираться в никуда... На прилагаемой фотографии это видно.Однако  вместо приведения в надлежащий вид  ГИБДД (за что надо наказать ответственного сотрудника) выдало постановление администрации по ЛИКВИДАЦИИ пешеходного перехода. Почему величайшая глупость? Это пересечение всего лишь через 2 полосы (по 1-й в каждую сторону)  это не какой-то там гигантский проспект  это спальный район  да и еще с рядом расположенным ТРК ""Котинский""  который посещает большое кол-во людей.Вместо того  чтобы привести пешеходный переход в надлежащий вид и наказать подрядчика  который бездарно сделал новую разметку  ГИБДД заставило потратить администрацию Челябинска деньги на ликвидацию этого пешеходного перехода (что крайне нецелесообразно)  да и еще установить никому не нужные и ни от чего не спасающие ограждения (а только усложняющие жизнь маломобильным горожанам)",,,,0,0,,55.181298,61.455608
17,Владимирская область,17000000,"Владимирская область, Радужный, 1-й квартал, 17",2456,20181223,Дорожные знаки и светофоры,"Установка светоотражающего дорожного знака 6.10.1 ""Указатель направлений""  6.10.2 ""Указатель направления"". Направления движения к пунктам маршрута.",Владимирская область  Суздальский район  поворот на Богослово с трассы Владимир - Юрьев-Польский необходимо установить светоотражающий указатель (с заменой старого). Фото прилагаю. Подавляющее большинство автомобилистов в темное время суток проезжают поворот на Богослово. Многие теряются и начинают опасно маневрировать. Участок является опасным.,,,,1,0,,55.994038,40.331392
17,Владимирская область,17000000,"Владимирская область, Суздальский район",2454,20181223,Деятельность органов власти в сфере безопасности дорожного движения,Остановка общественного транспорта,Необходимо установить остановку общественного транспорта в указанном на карте месте. В противном случае есть угроза возникновения ДТП с участием пешеходов. На данном участке переход есть  оборудован соответствующими знаками  но при разрешенной максимальной скорости 90 км/ч подавляющее число водителей дорогу пешеходам не уступают. Что происходит на деле: пассажиры автобуса № 124 Владимир - Богослово при выходе оказываются на краю проезжей части. В непогоду пожилые люди и женщины с детьми оказываются в сложной ситуации  ввиду отсутствия какого-либо укрытия. Частный сектор активно застраивается  и проблема становится все более острой.,,,,1,0,,56.368549,40.445172
68,Тамбовская область,68000000,"Тамбовская область, Тамбовский район, село Бокино",2455,20181223,Деятельность органов власти в сфере безопасности дорожного движения,Необходимо сделать дорожное освещение  подствечивающиеся пешеходные переходы,В темное время суток  особенно в непогоду  очень тяжело идти и ехать на автомобиле по переулку Дорожному. В связи с активным ростом населения села Бокино  увеличиваются шансы аварии и давки пешехода. По всей улице стоит 3 фонаря  которые находятся даже не на обочине.,,,,0,0,,52.638385,41.460745
34,Костромская область,34000000,"Кострома, улица Шагова, 6Б",2452,20181222,Пешеходная инфраструктура,Автомобили на пешеходном переходе,Водитель автомобиля KOLEOS О508МО  44 регион ОСТАВИЛ своё авто прямо на пешеходном переходе  ул. Шагова  д. 6Б. На этом переходе часто оставляют свои автомобили и мешают переходу граждан. Прошу отреагировать на это сообщение.,,,,0,0,,57.768177,40.931053
63,Саратовская область,63000000,"Саратовская область, Энгельс, площадь Свободы",2446,20181221,Качество дорожного покрытия,Продавливание асфальта,Прошу выровнять проезжую часть на перекрестке ул. Коммунистическая/Свободы г. Энгельса. Волны на асфальте огромные уже более полугода.,,"Рассмотрев Ваше обращение по вопросу выравнивания проезжей части на перекрестке ул. Коммунистическая и пл. Свободы в городе Энгельсе сообщаем следующее. По информации администрации Энгельсского муниципального района. для устранения просадок на проезжей части дороги на указанном перекрестке требуется переустройство основания данных автомобильных дорог  для чего необходимо выполнить капитальный ремонт.Данный вид работ предполагает финансовые затраты не только на проведение строительно-монтажных работ  но и на разработку проектно-сметной документации  а также прохождение государственной экспертизы.При достаточном уровне бюджетного финансирования в 2019 году мероприятия в отношении автомобильных дорог по ул. Коммунистической и пл. Свободы будут рассмотрены",Министерство транспорта и дорожного хозяйства Саратовской области,0,0,,51.498353,46.124753
63,Саратовская область,63000000,"Саратов, улица Чапаева",2448,20181221,Качество дорожного покрытия,Продавливание асфальта,Прошу устранить неровность на проезжей части в виде ее проседания на перекрестке ул. Б. Казачья/Чапаева  г. Саратов сразу же после его проезда в сторону ул. Рахова.,,"Рассмотрев Ваше обращение сообщаем следующее. По информации администрации муниципального образования ""Город Саратов""  по ул. Большой Казачьей после перекрестка с ул. им. Чапаева В.И. при проезде в сторону ул. им. Рахова В.Г. образовалась просадка асфальтобетонного покрытия при спряжении со смотровым колодцем ПАО «Т Плюс».Согласно п. 4.8.18. решению Саратовской городской Думы от 27.09.2007 № 20-185 «О Правилах благоустройства территории муниципального образования «Город Саратов» провалы  просадки грунта или дорожного покрытия  появившиеся над подземными коммуникациями после проведения ремонтно-восстановительных работ  устраняются организациями  получившими разрешение на производство работ.Комитетом дорожного хозяйства  благоустройства и транспорта администрации муниципального образования «Город Саратов» в ПАО «Т Плюс» направлено письмо для принятия срочных мер по устранению провала и восстановлению асфальтобетонного покрытия по ул. Московской недалеко от пересечения с ул. Комсомольской.",Министерство транспорта и дорожного хозяйства Саратовской области,0,0,negative,51.537854,46.024088
81,Республика Бурятия,81000000,"Республика Бурятия, Улан-Удэ, проспект 50 лет Октября",2443,20181221,Деятельность органов власти в сфере безопасности дорожного движения,Разгрузка движения,"Для разгрузки движения ипринуждения водителей автотранспортных средств к соблюдению движения по полосам(а не как кому удобнее) на участке дороги в районе остановки «Элеватор» всторону центра  прошу проработать возможность организации движения автобусов имаршрутных транспортных средств по выделенной полосе в районе остановочногопункта и обязательной установкой знаков  сплошной разметки  гибких столбиков  др. разграничителей  камер видеофиксации (либо др. варианты). Данные меры снизятаварийность и повысят скорость движения на данном участке.Прошу выдать предписание администрациигорода для установки на пешеходном переходе возле ост. ТЦ Сагаан Морин светофора  т. к. нерегулируемое движение пешеходов очень затрудняет движениеавтотранспорта на данном участке.",,,,0,0,,51.840402,107.602028
81,Республика Бурятия,81000000,"Республика Бурятия, Улан-Удэ, Тепловозная улица",2444,20181221,Качество дорожного покрытия,Отсыпка щебнем,Дорога разбита  образовались ямы  в которых после дождя скапливается вода  торчат булыжники  пройти и проехать по улице через глубокие лужи НЕВОЗМОЖНО!!!. Прошу в срочном порядке принять меры для ремонта дороги!,,,,0,0,,52.01129,107.497033
40,Санкт-Петербург,40000000,"Санкт-Петербург, проспект Косыгина",2442,20181221,Дорожные знаки и светофоры,Плохо настроен светофор,Добрый день  после последнего отключения светофоров (где-то неделю назад)  светофор настроили так  что каждое утро появились пробки. Зелёный свет горит 15 сек  красный 90. Каждое утро из-за этого начали появляться заторы. Очень просим настроить светофор  на работу стало не добраться. Заранее спасибо.,,,,0,0,,59.9449,30.478957
63,Саратовская область,63000000,"Саратов, Рабочая улица",2450,20181221,Качество дорожного покрытия,Проваливание асфальта,Прошу устранить неровность и огромные ямы на проезжей части  образованные после проведенных раскопок  по ул. Рабочая  г. Саратов при движении от ул. Астраханская до ул. Университетская.,,"Рассмотрев Ваше обращение сообщаем следующее. По информации администрации муниципального образования ""Город Саратов"" по ул. Рабочей при движении от ул. Аткарской до ул. Университетской образовались просадки асфальтобетонного покрытия на месте ранее проведенных работ ПАО «Т Плюс».Согласно п. 4.8.18. решению Саратовской городской Думы от 27.09.2007 № 20-185 «О Правилах благоустройства территории муниципального образования «Город Саратов» провалы  просадки грунта или дорожного покрытия  появившиеся над подземными коммуникациями после проведения ремонтно-восстановительных работ  устраняются организациями  получившими разрешение на производство работ.Комитетом дорожного хозяйства  благоустройства и транспорта администрации муниципального образования «Город Саратов» в ПАО «Т Плюс» направлено письмо для принятия срочных мер по устранению провала и восстановлению асфальтобетонного покрытия.",Министерство транспорта и дорожного хозяйства Саратовской области,0,0,,51.53164,46.004361
41,Ленинградская область,41000000,"Ленинградская область, Кингисеппский район, Большелуцкое сельское поселение",2451,20181221,Пешеходная инфраструктура,"Отсутствует светофор или ""лежачий полицейский""","Каждое утро дети  которые обучаются в городских школах  пересекают проезжую часть по пешеходному переходу. По моему мнению одного знака ""пешеходный переход"" не достаточно  очень опасный участок. Трасса Санкт-Петербург - Нарва.",,,,0,0,,59.452517,28.391335
63,Саратовская область,63000000,"Саратов, Большая Затонская улица",2447,20181221,Ремонтные работы,Брошенный ремонт,Прошу закопать ямы и убрать с проезжей части горы щебня  оставленного после раскопки дорожного полотна  в г. Саратов по ул. Б. Затонская между кафе Брудершафт и мостом через Волгу. Дорожные работы фактически прекращены 05.12.2018. По состоянию на 21.12.2018 на данном участке ежедневно образовывается пробка при движении автомобилей  по причине сужения проезжей части.,,Рассмотрев Ваше обращение сообщаем следующее. По информации администрации муниципального образования «Город Саратов» gо ул. Большой Затонской на участке от ул. Валовой до съезда с автомобильного моста через Волгу ведутся работы по устройству газопровода. Запланированный срок окончания работ 30 декабря 2018 года. Благоустройство территории будет проведено после завершения ремонтных работ.,Министерство транспорта и дорожного хозяйства Саратовской области,0,0,negative,51.532856,46.07416
63,Саратовская область,63000000,"Саратов, улица Рахова",2449,20181221,Качество дорожного покрытия,Продавливание асфальта,Прошу устранить неровность на проезжей части в виде ее проседания на ул. Рахова  г. Саратов  напротив дома 137 перед пешеходным переходом при движении в сторону ул. Вавилова.,,"Рассмотрев Ваше обращение сообщаем следующее. По информации администрации муниципального образования ""Город Саратов""  по ул. им. Рахова В.Г.  напротив дома № 137 образовалась просадка асфальтобетонного покрытия на месте ранее проведенных работ ООО «Концессии водоснабжения - Саратов».Согласно п. 4.8.18. решению Саратовской городской Думы от 27.09.2007 № 20-185 «О Правилах благоустройства территории муниципального образования «Город Саратов» провалы  просадки грунта или дорожного покрытия  появившиеся над подземными коммуникациями после проведения ремонтно-восстановительных работ  устраняются организациями  получившими разрешение на производство работ.Комитетом дорожного хозяйства  благоустройства и транспорта администрации муниципального образования «Город Саратов» в  ООО «Концессии водоснабжения - Саратов» направлено письмо для принятия срочных мер по устранению провала и восстановлению асфальтобетонного покрытия",Министерство транспорта и дорожного хозяйства Саратовской области,0,0,negative,51.536929,46.01682
45,Москва,45000000,"Москва, Суздальская улица, 30/2",2440,20181220,Пешеходная инфраструктура,Убрать пешеходный переход,Добрый день! Убедительная просьба убрать пешеходный переход на улице Суздальская  перед перекрестком с улицей Городецкая  со стороны вестибюлей 3 и 4 станции метро Новокосино. В силу отсутствия у пешеходов всякой совести  а также в следствии несоблюдении ими правил дорожного движения  убедительно прошу Вас закрыть отбойниками возможность перехода дороги в этом месте. Поскольку наземный пешеходный переход является нерегулируемым  а движение машин на этом перекрестке достаточно интенсивное  особенно в вечернее время  то пешеходы не считают нужным остановиться и оценить ситуацию на дороге  в результате просто начинают переходить дорогу  не убедившись  что машины их пропускают. По законам физики гораздо легче остановить две ноги  нежели 1 5 - 2 тонный автомобиль  а то и еще больше. Проявления неуважения со стороны пешеходов в отношении водителей может привести к необратимым последствиям  в том числе и к ДТП  исход которого может отрицательно сказаться на всех участниках данного события. В виде альтернативы данному пешеходному переходу прошу рассмотреть подземный переход  находящийся в 50 - 60 метрах от наземного пешеходного перехода. Отсутствие наземного нерегулируемого пешеходного перехода улучшит транспортное сообщение на данном перекрестке. Однако  если убрать пешеходный переход не представляется возможным  то его можно сделать хотя бы регулируемым и присоединить к светофорам  отвечающим за проезд автомобилей на данном перекрестке.,,,,2,8,,55.743674,37.863423
50,Новосибирская область,50000000,"Новосибирск, Советский район, микрорайон Академгородок, проспект Строителей",2437,20181220,Пешеходная инфраструктура,Отсутствие светофора,Постоянно чуть не сбивают машины. Один ряд стоит  второй едет и останавливается перед пешеходом в паре сантиметров  то ли не видят  то ли думают  что успеют. Пора установить светофор. Каждый раз дорогу перехожу  как в последний.,,,,1,0,,54.859564,83.088325
22,Нижегородская область,22000000,"Нижний Новгород, жилой район Щербинки, 2-й микрорайон",2436,20181220,Деятельность органов власти в сфере безопасности дорожного движения,Отсутствие контроля за выполнением требований знака 4.1.4,Перед пересечением пр. Гагарина с ул. Маршала Жукова (при движении из центра города) запретили поворот налево  повесив знак 4.1.4  предписывающий движение по пр. Гагарина только прямо и направо. К сожалению  многие водители не обращают внимание на этот знак и продолжают поворачивать налево в сторону ул. Маршала Жукова  создавая помехи на дороге.Прошу ГИБДД усилить контроль за выполнением требований знака 4.1.1.Необходимость данного знака не вызывает сомнения  в этом месте всегда пробки в часы пик.,,"В соответствии со статьей 16 Федерального закона от 06.10.2003 №131-ФЗ «Об общих принципах организации местного самоуправления в Российской Федерации» дорожная деятельность в отношении автомобильных дорог местного значения в границах городского округа относится к компетенции органов местного самоуправления и осуществляется за счет средств местного бюджета.По информации департамента транспорта администрации г.Н.Новгорода в ОГИБДД УМВД России по городу Нижнему Новгороду направлена рекомендация о принятии мер по контролю за соблюдением водителями Правил дорожного движения на участке пр.Гагарина – пл.Маршала Жукова.",Министерство транспорта и автомобильных дорог Нижегородской области,1,0,,56.232899,43.954693
45,Москва,45000000,"Москва, Шипиловская улица",2439,20181220,Деятельность органов власти в сфере безопасности дорожного движения,Разрешить проезд прямо со всех полос ул. Шипиловская,Разрешить проезд прямо и направо (в настоящее время только направо) в правых полосах ул. Шипиловская.Необходимо сделать так  как было раньше  на начало 2018 года  до реконструкции разметки и схемы движения.Отсутствие разрешения проезда прямо в правой полосе способствует затруднению общего движения автомобилей и образованию пробок  так как первый же автомобиль  которому необходимо выполнить поворот налево останавливает движение в левой полосе  пока не проедут все автомобили во встречном направлении. А это происходит уже на мигающий жёлтый сигнал светофора перед красным.,,Специализация полос движения транспорта на ул. Шипиловская в районе пересечения с ул. Генерала Белова (правый ряд – только направо  левый – прямо или налево) выполнена в соответствии с проектной документацией  разработанной в рамках реализации КСОДД  с учетом наличия правоповоротной секции светофорного объекта. Учитывая  что в режиме работы светофорного объекта  расположенного в районе пересечения ул. Шипиловская – ул. Генерала Белова имеется фаза  когда разрешен поворот направо  а в прямом направлении движение запрещено  изменение спецификации полос на ул. Шипиловская в настоящее время нецелесообразно.,Правительство Москвы,1,0,,55.621099,37.724059
22,Нижегородская область,22000000,"Нижний Новгород, Варварская улица, 32А",2438,20181220,Дорожные знаки и светофоры,У школы не работает светофор,Светофор на улице Варварская  возле школы № 40 не работает  ввиду интенсивного движения автотранспорта по этой улице и количества детей  да и вообще пешеходов  переходящих в этом месте  прошу вас обратить внимание на данные светофор и в кратчайшие сроки устранить неисправность.,,"В соответствии со статьей 16 Федерального закона от 06.10.2003 №131-ФЗ «Об общих принципах организации местного самоуправления в Российской Федерации» дорожная деятельность в отношении автомобильных дорог местного значения в границах городского округа относится к компетенции органов местного самоуправления и осуществляется за счет средств местного бюджета.По информации администрации г.Н.Новгорода заявка о неисправности светофорного объекта на перекрестке ул.Варварская – ул.Академика Блохиной передана в эксплуатирующую организацию. В настоящее время светофорный объект функционирует в рабочем режиме.",Министерство транспорта и автомобильных дорог Нижегородской области,0,0,,56.322345,44.013424
45,Москва,45000000,"Москва, улица Исаковского",2441,20181220,Пешеходная инфраструктура,Установка лежачего полицейского на пешеходном переходе,Прошу оказать содействие в установке лежачего полицейского на пешеходном переходе по адресу: Москва  ул. Исаковского  6-1. Рядом находится дошкольное учреждение и автобусные остановки. Машины нарушают скоростной режим и не останавливаются перед пешеходным переходом. На моих глазах чуть не сбили ребенка.,,"В соответствии с постановлением Правительства Москвы от 10 августа 2010 г. № 684-ПП «О мерах по упорядочению размещения и эксплуатации искусственных неровностей и признании утратившим силу постановления Правительства Москвы от 11 октября 2005 г. № 803-ПП» установка  демонтаж и эксплуатация ИН осуществляются балансодержателем дороги.Вопрос целесообразности установки ИН рассматривается на Окружных комиссиях по безопасности дорожного движения префектур административных округов. При принятии положительного решения об установке ИН на улично-дорожной сети города Москвы префектурами соответствующих административных округов в адрес Департамента транспорта и развития дорожно-транспортной инфраструктуры города Москвы направляются материалы  которые рассматриваются на заседании Рабочей группы Городской комиссии по упорядочению размещения искусственных неровностей.После принятия Рабочей группой Городской комиссии по упорядочению размещения искусственных неровностей решения о целесообразности установки ИН балансодержателем дороги проводятся работы по установке ИН и соответствующих технических средств организации дорожного движения.Вопрос установки ИН на территориях  расположенных вне улично-дорожной сети  рассматриваются префектурами административных округов самостоятельно.",Правительство Москвы,0,0,,55.814593,37.407861
32,Кемеровская область,32000000,"Кемеровская область, Новокузнецк, улица Челюскина",2431,20181219,Пешеходная инфраструктура,Необходим пешеходный переход на перекрестке,Здравствуйте  отсутствует пешеходный переход через улицу Челюскина  ближайшие находятся через 300 - 400 м. В этом месте идет основной поток людей. Поток машин не очень большой  но чаще всего водители даже не пользуются поворотниками  что зачастую создает опасную ситуацию для пешеходов.,,,,1,0,,53.746947,87.061798
03,Краснодарский край,03000000,"Краснодарский край, Усть-Лабинский район, станица Ладожская, Красная улица",2432,20181219,Качество дорожного покрытия,Неисполнение инициативы 1804  хотя в отчете работы выполнены,По инициативе 1804 работы не проведены  хотя в отчете написано о проведении работ по нарезке канавы для стока вод ул. Красная  182  ст. Ладожская  Краснодарского края. Невозможно выйти за калитку во время проезда машин. Лужа стоит после каждого дождя. Машины объезжают её по встречной полосе.,,"Подрядной организацией ООО ""Усть-Лабинское ДРСУ"" в рамках мероприятий по подготовке автомобильных дорог Краснодарского края к весенне-летнему периоду будут выполнены работы по устранению дефекта покрытия в зоне дома 182 на ул. Красной станицы Ладожской.",Министерство транспорта и дорожного хозяйства Краснодарского края,0,0,,45.302061,39.936097
53,Оренбургская область,53000000,"Оренбург, Новая улица, 5А",2435,20181219,Дорожные знаки и светофоры,Нет знаков приоритета,Нет знаков  где главная дорога  на пересечении улиц Новая и Народная.,,,,0,0,,51.809652,55.088394
69,Томская область,69000000,"Томск, посёлок Мясокомбинат, 44",2433,20181219,Качество дорожного покрытия,Дорожное покрытие,У нас никогда и ни при каких условиях не ремонтируют  не чистят и не реагируют на запросы и на обращения.,,,,0,0,,56.512553,84.924867
75,Челябинская область,75000000,"Челябинская область, Магнитогорск, проспект Карла Маркса",2434,20181219,Пешеходная инфраструктура,Необходим светофор!,"Нерегулируемый пешеходный переход  остановки общественного транспорта  густонаселенный район - есть все для затрудненного движения автомобилей. А в часы пик - прекрасная возможность пополнить муниципальный бюджет штрафами! В рейд ГИБДД выезжают по 2 - 3 экипажа (не хватает сотрудников для оформления протоколов). Может хватит ""доить"" автомобилистов! Просто установите светофор!",,,,0,0,,53.395121,58.978243
35,Республика Крым,35000000,"Республика Крым, Симферополь, Киевский район",2429,20181218,Качество дорожного покрытия,Отсутствует дорожное полотно,Начиная от поворота с проспекта Победы и до конечной остановки в дачном массиве Белое-4 дорожное полотно отсутствует или находится в абсолютно неудовлетворительном состоянии  создавая огромные неудобства местному населению и существенно увеличивая риск ДТП.,,"Касательно производства ремонтных работ/устройства асфальтобетонного покрытия участков улично-дорожной сети дороги проезда прт. Победы – направление движения п. Айкаван Симферопольского района (координаты - 44.996668  34.168532) сообщаем  что в территориальном ведении администрации города Симферополя (границы города) находится только участок прт. Победы – ул. Таврическая Симферопольского района (0+475 м.).Большой процент дорог муниципального образования городской округ Симферополь Республики Крым требует проведения строительно-монтажных работ и/или ремонтных работ капитального характера  что требует значительных финансовых затрат  в связи с чем объемы ремонтных работ планируются в пределах фактически выделенных бюджетных ассигнований.По результатам обследования (визуально) участков улично-дорожной сети проезда прт. Победы – направление движения п. Айкаван Симферопольского района (координаты - 44.996668  34.168532) установлена необходимость замены/устройства дорожного полотна  исправления продольного профиля  устройство подстилающих слоев  омоноличивания и установки бортовых камней  устройства тротуара с учетом уклона местности.   В соответствии с Приказом Министерства транспорта РФ от 16 ноября 2012 № 402 «Классификация работ по капитальному ремонту  ремонту и содержанию автомобильных дорог»  реализация данных мероприятий требует проведения работ капитального характера. Необходима разработка проектно-сметной документации  прохождение государственной экспертизы на данный объект.  Муниципальным бюджетом и дорожным фондом на  2019 г. средства на реализацию данных мероприятий на указанном участке УДС не предусмотрены.",Министерство транспорта Республики Крым,6,0,negative,44.998876,34.165459
75,Челябинская область,75000000,"Челябинск, улица Братьев Кашириных",2424,20181218,Пешеходная инфраструктура,Отсутствуют камеры контроля проезда светофоров,Каждый день я перехожу дорогу по пути в свой университет  это довольно людное место  тут ходят толпы студентов. Проблема в том  что на остановке чаще всего скапливается большое количество маршрутных такси  которые  кроме того  занимают ещё и сам пешеходный переход. Ввиду того  что эти маршрутные такси ограничивают обзор дороги  я не могу адекватно оценить ситуацию на дороге. Но самое опасное в этой ситуации - это то  что отсутствие каких-либо камер  не мешает водителям игнорировать красный сигнал светофора и нарушать скоростной режим. Таким образом  когда загорается зелёный сигнал светофора  я  выходя из-за маршрутного такси  могу попасть под колеса несущейся на красный свет машины. Такая ситуация происходит со мной практически каждый день. Я не хочу подвергать свою жизнь опасности и прошу установить камеры на данном перекрёстке.,,,,3,0,,55.178583,61.348969
66,Смоленская область,66000000,"Смоленск, улица Тенишевой, 4",2426,20181218,Качество дорожного покрытия,Невозможность эксплуатации дороги во дворе между домами ул. Тенишевой  4а и ул. Тенишевой  4,"Прошу отреагировать на данное обращение и устранить отсутствие дороги  «покрытие» не соответствует требованиям ГОСТа 50597-93 ни по одному из пунктов (повреждения  отсутствие сцепных качеств). Движение по данному участку небезопасно как для автомобилей в первую очередь  так и для пешеходов (передвижение с коляской невозможно). Расположение – дорога во дворе между жилыми домами по адресу: г. Смоленск  ул. Тенишевой  4а (вдоль ворот) и ул. Тенишевой  4. Передвигаться по дороге небезопасно в любой период года  зимой это стало практически невозможно. Подъезд транспорта специального назначения (например  скорая помощь) к домам также невозможен. Внедорожник передвигается с большим трудом.Согласно п. 13 Основных положений ""По допуску транспортных средств к эксплуатации и обязанности должностных лиц по обеспечению безопасности дорожного движения"": ""Должностные и иные лица  ответственные за состояние дорог и других дорожных сооружений  обязаны: содержать дороги  железнодорожные переезды и другие дорожные сооружения в безопасном для движения состоянии...""Состояние дороги нарушает  как минимум  право на безопасность передвижения по автодорогам (ст. 1  ст. 3 Закона «О безопасности дорожного движения»).",,,,0,0,,54.776529,32.052662
65,Свердловская область,65000000,"Свердловская область, Екатеринбург, микрорайон ЖБИ, улица Сыромолотова",2425,20181218,Пешеходная инфраструктура,Необходимо обезопасить пешеходный переход (оснащенный светофором) напротив дома по адресу: ул. Сыромолотова  15.,Здравствуйте. Вечером в субботу  15.12 (примерно около 18.00 вечера) начала переход на зеленый сигнал светофора с двумя детьми  убедившись  что все машины остановились. Но  внезапно  на скорости вылетел легковой автомобиль тёмного цвета и чуть не задел меня и детей. Пролетел не сбавляя скорость. К сожалению  из-за того  что я была сильно шокирована  я не разглядела ни марку  ни  тем более  номер. На этом участке неоднократно сбивало машинами людей. Только среди моих знакомых сбило двоих. И я ни раз видела ещё сбитых здесь людей. Я очень прошу обезопасить эту дорогу  т. к. по ней  ходят в школу дети. На их пути и 45 гимназия  и 157 школа. Необходимо что-то уже предпринять: установить или лежачие полицейские или поставить туда камеры (это помогло бы таким как я опознать машину  пролетевшую на запрещенный сигнал светофора  здесь это не редкость). Светофор находится напротив домов по адресу: Сыромолотова  15  перед трамвайной остановкой.,,"Ваша инициатива рассмотрена. В соответствии с Федеральным законом от 08 ноября 2007 года № 257-ФЗ «Об автомобильных дорогах и о дорожной деятельности в Российской Федерации и о внесении изменений в отдельные законодательные акты Российской Федерации»  автомобильные дороги в границах городского округа являются автомобильными дорогами местного значения.Согласно ст. 16 Федерального закона от 06.10.2003 № 131-ФЗ «Об общих принципах организации местного самоуправления в Российской Федерации»  дорожная деятельность в отношении автомобильных дорог местного значения в границах городского округа и обеспечение безопасности дорожного движения на них  включая создание и обеспечение функционирования парковок (парковочных мест)  осуществление муниципального контроля за сохранностью автомобильных дорог местного значения в границах городского округа  а также осуществление иных полномочий в области использования автомобильных дорог и осуществления дорожной деятельности в соответствии с законодательством Российской Федерации относится к полномочиям органов местного самоуправления. Учитывая вышеуказанные нормы федерального законодательства  для решения вопроса  изложенного в инициативе Вам необходимо обратиться в Администрацию города Екатеринбурга по адресу: 620014  Екатеринбург  пр. Ленина  24а. Телефон круглосуточного приема обращений граждан: +7 (343) 253-88-44  Факс: +7 (343) 371-80-37. Электронный адрес: glava@ekadm.ru.",Отдел развития электронного правительства Департамента информатизации и связи Свердловской области,0,0,,56.835096,60.686381
45,Москва,45000000,"Москва, Проектируемый проезд № 2169",2430,20181218,Пешеходная инфраструктура,Огромная просьба установить ограждение пешеходной зоны,"Огромная просьба установить ограждение пешеходной зоны перед домом 19  корп. 2 по улице Куусинена со стороны Проектируемого проезда № 2169. Перед МФЦ устроили парковку и пройти днём там практически невозможно  но теперь там ещё устроили сквозной проезд. Многие водители  объезжая светофор на пересечении Проектируемого проезда № 2169 и ул. Куусинена  просто выезжают на тротуар  объезжают светофор и выезжают на ул. Куусинена за магазином ""Магнит"".  На знак 5.33 ""Пешеходная зона"" никто не обращает внимания. Передвигаться по тротуару стало очень опасно  постоянно приходится уварачиваться от машин. По данному тротуару проходит маршрут из ДК ВОС (идут слабовидящие люди)  там же переход в парк ""Берёзовая роща"" (идут пожилые люди  родители с детьми)  рядом МФЦ. Установить сплошное ограждение из-за пешеходного перехода не возможно  но хотелось бы хоть как-то обезопасить пешеходов (установить столбики  небольшие бетонные ограждения).",,"Согласно п.9.9 Правил дорожного движения допускается движение машин дорожно-эксплуатационных и коммунальных служб  а также подъезд по кратчайшему пути транспортных средств  подвозящих грузы к торговым и другим предприятиям и объектам  расположенным непосредственно у обочин  тротуаров или пешеходных дорожек  при отсутствии других возможностей подъезда.Уборка и содержание рассматриваемого тротуара осуществляется механизированным способом в соответствии с требованиями регламентных документов. Установка заградительных приспособлений создаст препятствия для содержания рассматриваемого объекта.Учитывая изложенное  обустройство ограждений  препятствующих заезду транспортных средств на тротуар  не представляется возможным.Согласно ст.12.19 КоАП РФ нарушение правил остановки или стоянки транспортных средств является правонарушением  влекущим наложение на совершивших его лиц взысканий.Ст.23.3 КоАП РФ установлено  что ведение дел по таким административным правонарушениям осуществляется органами внутренних дел (полиция) и государственной инспекцией безопасности дорожного движения.ОБ ДПС ГИБДД УВД по САО ГУ МВД России по г.Москве проинформирован о необходимости усиления контроля за соблюдением участниками дорожного движения требований ПДД на рассматриваемом участке.",Правительство Москвы,0,0,,55.787017,37.508831
75,Челябинская область,75000000,"Челябинская область, Магнитогорск, улица Труда",2427,20181218,Пешеходная инфраструктура,Отсутствует пешеходный переход и тротуар,Построен новый жилой комплекс  для перехода дороги пешеходы вынуждены нарушать ПДД  так как нет ни пешеходного перехода  ни тротуара.,,,,0,0,,53.36502,58.972584
36,Самарская область,36000000,"Самара, улица Александра Матросова",2428,20181218,Деятельность органов власти в сфере безопасности дорожного движения,Елки,Из-за ёлок плохо просматривается перекрёсток.,,,,0,0,,53.218481,50.233836
45,Москва,45000000,"Москва, улица Барклая, 5к2",2421,20181217,Пешеходная инфраструктура,Нужен пешеходный переход и освещение,Пешеходный наземный переход со стороны ТЦ «Горбушкин двор» через улицу Барклая имеется  пешеход переходит дорогу  спускается по лестинице вниз  где ему нужно перейти ещё одну улицу с автомобильным движением  но здесь пешеходного перехода нет  до ближайшего нужно идти пешком либо направо  либо налево больше 100 метров. Из-за этого пешеходы перебегают дорогу в неположенном месте «напрямки»  где короче. В этом месте отсутствует освещение  пешеходов  переходящих дорогу  очень плохо видно. Крайне «неприятное» и опасное место для всех участников движения. Прошу сделать в этом месте пешеходный переход и установить дополнительное освещение  чтобы не создавалось аварийных ситуаций.,,"По информации Государственного казенного учреждения города Москвы «Центр организации дорожного движения Правительства Москвы» (далее - ГКУ ЦОДД) в соответствии с Протоколом совещания у Мэра Москвы от 02.11.2015 «О реализации Государственной программы города Москвы «Развитие транспортной системы» осуществляется разработка и реализация второго этапа Комплексной системы организации дорожного движения (КСОДД) от Третьего транспортного кольца  до Московской кольцевой автодороги. КСОДД является документом по организации дорожного движения в городе Москве. Представляет собой решение по развитию организации движения: расстановку дорожных знаков  размещение пешеходных переходов  искусственных неровностей  парковочных мест  заездных карманов  светофоров  остановок общественного транспорта  количество полос для движения на улично-дорожной сети в городе Москве. Улица Барклая включена в разработку второго этапа КСОДД. КСОДД предусмотрена организация нерегулируемого пешеходного перехода по указанным адресным ориентирам.Ориентировочный срок реализации второго этапа КСОДД на данном объекте улично-дорожной сети 2019 и последующие годы.",Правительство Москвы,1,0,,55.739139,37.504061
40,Санкт-Петербург,40000000,"Санкт-Петербург, проспект Ветеранов",2415,20181217,Деятельность органов власти в сфере безопасности дорожного движения,Установка камер на перекрестке,В связи с ремонтом моста и ограничением движения уплотняется поток машин  образуются пробки на перекрестке пр. Маршала Жукова и пр. Ветеранов. Пробки  главным образом  образуются со стороны Авангардной улицы ввиду несоблюдения правил участниками движения - выездом и остановкой машин на перекрестке при повороте на пр. Жукова  что перекрывает движение по пр. Ветеранов со стороны Авангардной ул. На этом участке очень плотное движение общественного транспорта  другой возможности доехать до станции метро просто не существует. Миновать этот короткий отрезок дороги по утрам возможно лишь спустя 30 минут в лучшем случае. Во избежание таких нарушений и затрудненности движения необходимы камеры и продуманная логистическая схема для движения по пр. Ветеранов  как интервальной регулировки светофорами  камер слежения  так и подземных переходов  которые бы облегчили жизнь всем участникам движения.,,,,1,0,,59.832995,30.191407
65,Свердловская область,65000000,"Свердловская область, Екатеринбург, улица Щербакова",2416,20181217,Деятельность органов власти в сфере безопасности дорожного движения,Прошу установить камеру ,"Добрый день. На перекрестке Щербакова - Самолетная 4 полосы для движения (только налево  две прямо и только направо). Водители  двигаясь из полосы с отметкой направления ""только налево""  то есть на ул. Самолетную  проезжают прямо  не желая стоять в пробке с другими ответственными участниками движения. Они создают ужасные помехи добросовестным водителям  из-за чего затор на дороге на этом участке только увеличивается. Если бы стояла камера  фиксирующая данное нарушение  наверное желающих схитрить было бы гораздо меньше.",,"Ваша инициатива рассмотрена. В соответствии с Федеральным законом от 08 ноября 2007 года № 257-ФЗ «Об автомобильных дорогах и о дорожной деятельности в Российской Федерации и о внесении изменений в отдельные законодательные акты Российской Федерации»  автомобильные дороги в границах городского округа являются автомобильными дорогами местного значения.Согласно ст. 16 Федерального закона от 06.10.2003 № 131-ФЗ «Об общих принципах организации местного самоуправления в Российской Федерации»  дорожная деятельность в отношении автомобильных дорог местного значения в границах городского округа и обеспечение безопасности дорожного движения на них  включая создание и обеспечение функционирования парковок (парковочных мест)  осуществление муниципального контроля за сохранностью автомобильных дорог местного значения в границах городского округа  а также осуществление иных полномочий в области использования автомобильных дорог и осуществления дорожной деятельности в соответствии с законодательством Российской Федерации относится к полномочиям органов местного самоуправления. Учитывая вышеуказанные нормы федерального законодательства  для решения вопроса  изложенного в инициативе Вам необходимо обратиться в Администрацию города Екатеринбурга по адресу: 620014  Екатеринбург  пр. Ленина  24а. Телефон круглосуточного приема обращений граждан: +7 (343) 253-88-44  Факс: +7 (343) 371-80-37. Электронный адрес: glava@ekadm.ru.",Отдел развития электронного правительства Департамента информатизации и связи Свердловской области,0,0,,56.778741,60.658892
45,Москва,45000000,"Москва, Ленинский проспект",2419,20181217,Дорожные знаки и светофоры,Сокращение интервала переключения светофора,"Прошу рассмотреть возможность сокращения интервала переключения светофора в районе дома по адресу: Ленинский проспект  д. 67 - 69 (основная дорога). На данный момент в вечернее время светофор работает в режиме пропускания автотранспорта по 10 - 15 минут и пешеходы  стоящие на морозе  вынуждены перебегать улицу на красный свет. При этом автомобили все равно стоят в пробке  упирающейся в Ломоносовский проспект  поэтому более частый ""красный"" для авто вряд ли снизит скорость движения автотранспорта. При этом это существенно улучшит качество жизни для пешеходов. Спасибо.",,"Светофорные объекты  расположенные на Ленинском проспекте включены в систему координированного управления дорожным движением. Приоритет отдается наиболее загруженному направлению  движению транспорта по Ленинскому проспекту.Дополнительно информируем  что в соответствии с п.66 Приказа МВД России от 23.08.2017 N 664 «Об утверждении Административного регламента исполнения Министерством внутренних дел Российской Федерации государственной функции по осуществлению федерального государственного надзора за соблюдением участниками дорожного движения требований законодательства Российской Федерации в области безопасности дорожного движения» сотрудники Госавтоинспекции применяют меры к обеспечению безопасного и беспрепятственного проезда автомобилей специального назначения.Также сообщаем  что перекрытие движения по Ленинскому проспекту осуществляется сотрудниками Госавтоинспекции в ручном режиме в соответствии с Федеральным законом №57 от 27.05.1996г. «О государственной охране»  в котором дается право на проведение подобных охранных мероприятий в местах постоянного и временного пребывания объектов государственной охраны.Изменения в режимах работы указанных светофорных объектов могут происходить при их переводе в режим ручного управления сотрудниками Госавтоинспекции при проведении специальных мероприятий.",Правительство Москвы,0,0,,55.68263,37.537137
08,Хабаровский край,08000000,"Хабаровск, Посадочная улица, 31",2414,20181217,Дорожная разметка,О разметке автодороги,"В связи с реконструкцией Матвеевского шоссе была нанесена разметка  запрещающая поворот налево  на улицу Посадочная  г. Хабаровск со стороны города и в районе Хабаровского аэропорта. По улице Посадочной находиться база ОМТС ФГБУ ""Дальневосточного УГМС"" - при доставке оборудования  технического имущества  продуктов питания и других материалов отсутствие поворота налево создает большие трудности при доставке транспортом нашей организации и наемным большегрузным транспортом других организаций. На улице Посадочной расположены наши подразделения: автохозяйство  база снабжения  аэрологическая станция  ремонтно-восстановительная партия. В связи с этим хотелось бы рассмотрения этого вопроса об изменении разметки.",,,,0,0,,48.522997,135.160086
46,Московская область,46000000,"Московская область, Солнечногорский район, сельское поселение Кутузовское, деревня Подолино, Солнечная улица",2423,20181217,Деятельность органов власти в сфере безопасности дорожного движения,Регулярные нарушения правил дорожного движения,"С 15.12.2018 года изменена организация дорожного движения на ул. Солнечная в ЖК Велтон Парк в д. Подолино. Улица Солнечная теперь имеет одностороннее движение  но многие автолюбители нарушают это правило и выезжают под запрещающий знак ""Кирпич"".Т. к. улица очень узкая и допускает проезд только в одну машину  то возникают конфликты между автомобилистами.Прошу организовать ее контроль и наказать нарушителей.",,,,0,0,,55.943164,37.262208
45,Москва,45000000,"Москва, проспект Вернадского, 57",2418,20181217,Дорожные знаки и светофоры,Школа,"Здравствуйте!Просим Вас установить знаки рядом со школой 323 - ""осторожно дети"" и поставить знак вдоль забора школы - ""стоянка запрещена""  так как ребёнок или взрослый просто из-за припаркованных вдоль заборы школы машин не видит  едет машина или нет  чтобы перейти дорогу  и ещё нет знака ""лежачий полицейский"" с другой стороны дороги.",,,,0,0,,55.672169,37.504762
40,Санкт-Петербург,40000000,"Санкт-Петербург, улица Маршала Казакова",2417,20181217,Деятельность органов власти в сфере безопасности дорожного движения,Необходима камера для фиксации нарушений ПДД,На улице Маршала Казакова есть выделенная линия для трамваев  отделенная забором от проезжей части. Ежедневно по утрам на участке от ул. Котина до пр. Маршала Жукова на данную полосу выезжают автомобили  чтобы объехать пробку. Кроме того  что покрытие там не предназначено для передвижения автомобилей  так ещё и данные автомобили мешают нормальному движению трамваев и создают аварийные ситуации  обгоняя трамваи по встречным трамвайным путям. Кроме того на перекресток с пр. Маршала Жукова они выскакивают с трамвайных путей  откуда кроме трамваев никто не должен выезжать. Прошу рассмотреть возможность установки камеры видеонаблюдения на данном участке дороги для фиксации данного грубого нарушения ПДД и принятия соответствующих мер для нарушителей.,,,,0,0,,59.860658,30.204181
89,Республика Мордовия,89000000,"Республика Мордовия, Саранск, Красная улица, 21",2422,20181217,Пешеходная инфраструктура,Просим сделать пешеходный переход на ул. Старопосадской у остановок общественного транспорта,На ул. Старопосадской  г. Саранск у остановок общественного транспорта с одной стороны Герцена и гостиницы Адмирал нет пешеходного перехода - зебры. На этом участке дороги оживленное движение и очень проблемно бывает переходить дорогу от остановок. А до светофоров на ул. Республиканская и Саранская очень далеко обходить.,,,,0,0,,54.178844,45.193415
46,Московская область,46000000,"Московская область, Ленинский район, Видное, бульвар Зелёные Аллеи, 6",2413,20181216,Деятельность органов власти в сфере безопасности дорожного движения,Ограничить движение большегрузного автотранспорта по придомовой территории,"Придомовая территория дома № 6  ЖК ""Зеленые аллеи"" в г. Видное  Московской области активно используется спецтехникой застройщика МИЦ. Круглосуточно под окнами проезжают большегрузные автомобили  которые ежедневно застревают в узких придомовых проездах.Для подъезда к домам № 6 - 10 ЖК используется только ОДНА дорога  постоянно перегороженная большегрузами застройщика...Вообще на сегодняшний день микрорайон ""Зеленые аллеи"" оказался отрезанным от цивилизации: общественного транспорта нет  дорог нет  почты нет. Строительство выезда из ЖК на трассу М4 ""Дон""  запланированное на 2017 - 2019 гг  не начато. Администрация г. Видное утверждает  что дороги на территории ЖК технические  в собственности и ведении застройщика. Так и живет более 3000 человек на острове  в заложниках у компании МИЦ. А стройка продолжается...Выход: обязать администрацию города принять на баланс дороги в ЖК  обязать застройщика организовать движение спецтехники по дорогам  не заходящим во дворы уже заселенных домов. Запретить строительство в ЖК новых домов  пока количество и качество подъездных дорог не будут соответствовать законодательно утвержденным нормам.",,,,1,0,,55.559018,37.700316
65,Свердловская область,65000000,"Свердловская область, Екатеринбург, Орджоникидзевский район, улица Новаторов",2412,20181216,Дорожные знаки и светофоры,Необходим светофор,"Прошу установитьна нерегулируемом перекрестке ул. Новаторов - ул. Ломоносова светофор или пешеходныйпереход. Перекресток не имеет четких границ у магазина «Пятерочка»  обзордороги закрыт из-за парковки. Пешеходам невозможно перейти дорогу  надо ждать 5 мин. чтобы перейти перекресток к садику и к магазину. Много детей школьного возрастапереходят перекресток самостоятельно  некоторых даже не видно из-за стоящихмашин.",,"Ваша инициатива рассмотрена. В соответствии с Федеральным законом от 08 ноября 2007 года № 257-ФЗ «Об автомобильных дорогах и о дорожной деятельности в Российской Федерации и о внесении изменений в отдельные законодательные акты Российской Федерации»  автомобильные дороги в границах городского округа являются автомобильными дорогами местного значения.Согласно ст. 16 Федерального закона от 06.10.2003 № 131-ФЗ «Об общих принципах организации местного самоуправления в Российской Федерации»  дорожная деятельность в отношении автомобильных дорог местного значения в границах городского округа и обеспечение безопасности дорожного движения на них  включая создание и обеспечение функционирования парковок (парковочных мест)  осуществление муниципального контроля за сохранностью автомобильных дорог местного значения в границах городского округа  а также осуществление иных полномочий в области использования автомобильных дорог и осуществления дорожной деятельности в соответствии с законодательством Российской Федерации относится к полномочиям органов местного самоуправления. Учитывая вышеуказанные нормы федерального законодательства  для решения вопроса  изложенного в инициативе Вам необходимо обратиться в Администрацию города Екатеринбурга по адресу: 620014  Екатеринбург  пр. Ленина  24а. Телефон круглосуточного приема обращений граждан: +7 (343) 253-88-44  Факс: +7 (343) 371-80-37. Электронный адрес: glava@ekadm.ru.",Отдел развития электронного правительства Департамента информатизации и связи Свердловской области,0,0,,56.908247,60.600879
41,Ленинградская область,41000000,"Ленинградская область, Всеволожский район, посёлок Мурино, проспект Авиаторов Балтики",2411,20181215,Дорожные знаки и светофоры,Отсутствует светофор ,На пересечении улиц бульвар Менделеева и проспект Авиаторов Балтики всегда очень большой поток людей. Есть зебра. Но поток людей такой огромный  что машинам очень сложно проехать  образуются пробки. Автомобилисты не могут нормально выехать из своих дворов в город. Необходимо данный пешеходный переход оборудовать светофором с кнопкой.,,,,2,0,,60.057164,30.44254
45,Москва,45000000,"Москва, Западный административный округ, район Тропарёво-Никулино",2410,20181215,Дорожные знаки и светофоры,Запрет на остановку на дороге за Институтом проблем механики РАН,"Прошу вас установить знак ""Остановка запрещена"" с табличкой ""Эвакуатор"" и наладить регулярное патрулирование с целью эвакуации автотранспортных средств  не соблюдающих действие знака.Зона действия знака: вся правая сторона дороги (если следовать от пр-та Вернадского наверх по дороге в сторону адреса пр-т Вернадского  д. 105  к. 4) за Институтом проблем механики РАН.Плюс вся правая сторона дороги от шлагбаума  относящегося к адресу пр-т Вернадского  д. 105  к. 4  до адреса пр-т Вернадского  д. 101  к. 8.Причина: в рабочие часы с 8:00 до 20:00 обе стороны дороги заставлены автомобилями  что делает практически невозможным проезд автомобилей  так как нет возможности разъехаться встречным потокам автомобилей (попросту некуда отъехать  чтобы пропустить встречный поток). Особенно это страшно  когда не может проехать карета скорой помощи  спешащая к больному.",,"По вопросу организации дорожного движения на проезде дворовой территории по уточненным адресным ориентирам: проспект Вернадского  д. 101  сообщаю.В соответствии с данными информационной системы Реестра единых объектов недвижимости города Москвы (ИС РЕОН) и публичной кадастровой картой указанный проезд не входит в состав улично-дорожной сети города Москвы  а относится к объектам внутреннего благоустройства.Подъездные пути на дворовой территории указанного дома со стороны жилого микрорайона выполнены в соответствии с проектом застройки микрорайона и требованиями п.2.9 СНиП 2.07.01 89 «Градостроительство. Планировка и застройка городских и сельских поселений». Изменение схемы движения транспорта на дворовой территории не предусмотрено.По информации Государственного казенного учреждения города Москвы «Центр организации дорожного движения Правительства Москвы» установка дорожных знаков осуществляется в соответствии с ГОСТ Р 52289 2004 «Технические средства организации дорожного движения  Правила применения дорожных знаков  разметки  светофоров  дорожных ограждений и направляющих устройств» и Правилами дорожного движения Российской Федерации (далее - ПДД РФ) на улично-дорожной сети. Внутридворовые  внутриквартальные  пожарные проезды к этой категории не относятся.По информации Московской административной дорожной инспекции знаки  запрещающие парковку  установленные на территории  не являющейся УДС  не имеют смысловой нагрузки  т.к. автомобилисты не всегда соблюдают их требования. Администрирование после установки запрещающего дорожного знака на указанной территории обеспечено не будет.В случаях дорожно-транспортного происшествия  эвакуации автомобиля  обжалования решения по делу об административном правонарушении  предусмотренном ч.3 ст.12.14 КоАП РФ  от судов  МАДИ  ГКУ ЦОДД  ГИБДД  в Префектуру могут поступать соответствующие запросы о предоставлении схемы дислокации технических средств организации дорожного движения  информации о сроках установки и основания применения на той или иной территории. Вместе с тем вопросы изменения дорожного движения на дворовой территории  внутридворовых  внутриквартальных проездах могут решаться жителями заинтересованных дома (домов) на общем собрании жителей.В этой связи необходимо решение собственников помещений в многоквартирном доме (домах) об изменении дорожного движения на дворовой территории  которое принимается жителями дома (домов) на общем собрании.В решении общего собрания указываются сведения о лице  уполномоченном на представление интересов собственников помещений в многоквартирном доме (далее - уполномоченное собственниками лицо). Решение общего собрания собственников помещений в многоквартирном доме с приложением проекта изменения дорожного движения на дворовой территории  направляется уполномоченным собственниками лицом для согласования в Совет депутатов муниципального округа. Схема организации дорожного движения на дворовой территории (с учетом движения велосипедистов  пешеходов)  разработанная за счет жителей дома (домов) в соответствии с ПДД РФ и ГОСТ Р 52289 2004 специализированной организацией  представляется на рассмотрение и согласование управу района города Москвы и Государственное бюджетное учреждение города Москвы «Жилищник района» для внесения изменений в паспорт благоустройства дворовой территории.Учитывая вышеизложенное  вопрос организации дорожного движения на дворовой территории может быть принят ГБУ «Жилищник района» в работу после внесения изменений в паспорт дворовой территории и утверждения финансирования на выполнение работ Советом депутатов Муниципального округа. Рассмотренная и согласованная указанными организациями схема организации дорожного движения на дворовой территории доводится до сведения всех жителей дома (домов). Информация о схеме движения по дворовой территории устанавливается на въездах-выездах на дворовую территорию.",Правительство Москвы,1,0,,55.660318,37.468488
46,Московская область,46000000,"Московская область, Красногорск, Подмосковный бульвар, 14",2406,20181214,Дорожные знаки и светофоры,Изменение режима светофора,Прошу произвести работы по изменению режима светофора  а именно увеличить фазу проезда а/м в сторону павшинской поймы с эстакады по Красногорскому бульвару  при этом увеличив фазу ожидания пешеходов и а/м выезжающих с подмосковного бульвара в период С 14/00 до 22/00  с целью увеличения пропускной способности дороги в указанный период  это позволит избежать ежедневной пробки  которая образуется от данного светофора до мкада.,,,,57,1,,55.822999,37.37518
75,Челябинская область,75000000,"Челябинск, Ленинский район, улица Гагарина, 51",2408,20181214,Пешеходная инфраструктура,Срочно необходим пешеходный переход,На этом участке дороги участились случаи смертельных ДТП с участием пешеходов  переходящих дорогу в неположенном месте. Всё потому  что до перехода от остановки далеко  и он вообще в другой стороне. Остановку перенесли несколько лет назад  а переход на ней вообще закрыли  так как он был близок к другому переходу.,,,,1,0,,55.119327,61.435701
08,Хабаровский край,08000000,"Хабаровск, Сунгарийская улица",2404,20181214,Деятельность органов власти в сфере безопасности дорожного движения,Расширение участка,При движении автотранспорта в сторону проспекта 60-летия Октября  из-за поворота на ул. Сунгарийская  в час пик организуется огромная пробка. Просто необходимо расширение дорожного полотна.,,,,0,0,,48.397976,135.124953
46,Московская область,46000000,"Московская область, Солнечногорский район, сельское поселение Лунёвское, деревня Мышецкое, Лесная улица",2407,20181214,Деятельность органов власти в сфере безопасности дорожного движения,Безхозная дорога по улица Лесная в деревне Мышецкое  Солнечногорского района  Московской области ,"На протяжении более20 лет дорога общего пользования улицаЛесная в деревне Мышецкое  Солнечногорского района  Московской области не благоустроена: не чистится от снега и наледи  отсутствуют линии наружного освещения  дорога не ремонтируется  на ней отсутствует дорожное полотно(асфальтобетонное покрытие)  на дороге ямы  не обеспечивается безопасность дорожного движения  а также пешеходов  в т. ч. детей. С 2017 года жители д.Мышецкое неоднократно обращались в Администрацию сельскогопоселения Луневскоес просьбой о строительстве и ремонте дороги  очистке от снега  организацииуличного освещения по улице Лесная. На все обращенияполучен категорический отказ. Администрация сельского поселения Луневское бездействует и не принимает меры по включению бесхозной дороги по ул. Лесная  д. Мышецкое в реестр муниципальнойсобственности  по строительству дороги и очистке ее от снега. Бездействие Администрации муниципальногообразования сельского поселения Луневское влечет невозможность не только обеспечения сохранности дорог  но и обеспечения безопасности жизни и здоровья участников дорожного движения  что являетсянарушением прав граждан в области безопасности дорожного движения (ФЗ «Обезопасности дорожного движения» от 10 декабря 1995 года № 196-ФЗ).В связи сосложившейся ситуацией  просим:1.  принять меры по оформлению земельного участка наул. Лесная  д. Мышецкое под дорогу 2. принять меры повключению бесхозной дороги ул. Лесная  д. Мышецкое в состав реестрамуниципальной собственности 3. включить в бюджет2019 г. статью расходов на оформление дороги ул. Лесная 4. организовать уличноеосвещение на ул. Лесная 5. обеспечить очисткууказанной дороги от снега.",,,,0,0,,56.035089,37.345392
08,Хабаровский край,08000000,"Хабаровский край, Хабаровский район, село Тополево, Дачная улица",2401,20181214,Дорожные знаки и светофоры,Изменение разметки,На перекрестке разрешить поворот направо установкой дополнительной секции светофора.,,,,0,0,,48.500101,135.183739
46,Московская область,46000000,"Московская область, Люберцы, Инициативная улица",2399,20181214,Пассажироперевозки,Установить видеокамеру на автобусной остановке ст. Люберцы для фиксации времени посадки - высадки пассажиров,"Просьба установить видеокамеру на автобусной остановке ""ст. Люберцы"" в сторону Москвы для фиксации времени посадки - высадки пассажиров. Сегодня наблюдала следующее: водитель маршрутки  гос. номер С668ОЕ 750 стоял на автобусной остановке более 15 мин.  затрудняя тем самым движение общественного транспорта. Я пришла на остановку 14.12.2018 г. в 08.37 и с трудом уехала 08.52. Автобусам Мосавтотранс приходилось останавливаться во второй полосе движения  пассажиры выходили на проезжую часть  чтобы выйти и зайти в автобус. Водитель маршрутки на замечания ""не создавать аварийную обстановку"" никак не отреагировал  создалось впечатление  что русский язык он совершенно не учил и не понимает. В результате  я уехала  а данная маршрутка осталась стоять и создавать затор. Фото прилагаю.",,,,0,0,,55.682402,37.904
45,Москва,45000000,"Москва, Тверская улица",2405,20181214,Деятельность органов власти в сфере безопасности дорожного движения,Неправильно установлена рекламная конструкция,Ежедневно  выезжая с Настасьенского переулка на Тверскую улицу  вижу возле дома 18/1 по Тверской улице стоит рекламный щит  который мешает обзору правой полосы движения по Тверской улице  не видно из-за него машин  которые едут по главной улице. Пожалуйста  уберите или переставьте на другую сторону дороги.,,,,0,0,,55.763928,37.606379
92,Республика Татарстан,92000000,"Республика Татарстан, Казань, улица Голубятникова, 21Ак1",2400,20181214,Пешеходная инфраструктура,Отсутствие пешеходного перехода  светофора,Казань  ул. Голубятникова  д. 21а находятся 3 садика и каждый день приходится с ребенком перебегать дорогу на свой страх и риск  так как отсутствует пешеходный переход. Поток машин с утра и вечером большой. Прошу рассмотреть возможность установки знаков и разметки для спокойного и безопасного перехода улицы с детьми.,,,,0,0,,55.8371,49.107564
08,Хабаровский край,08000000,"Хабаровск, микрорайон имени Горького, улица Горького",2402,20181214,Дорожные знаки и светофоры,Расширение участка,В направлении в сторону центра расширить участок дороги для организации полосы дороги с поворотом на улицу Новая в сторону с. Тополево  возможно  установкой дополнительной секции светофора.,,,,0,0,,48.46247,135.183452
08,Хабаровский край,08000000,"Хабаровск, микрорайон Южный, улица Малиновского",2403,20181214,Деятельность органов власти в сфере безопасности дорожного движения,Расширение участка,При движении в сторону ул. Краснореченская  из-за поворота автотранспорта на ул. Малиновского  в час пик ежедневно образуется огромная пробка  т. к. поток машин из двух рядов перестраивается в один.,,,,0,0,,48.387507,135.122258
03,Краснодарский край,03000000,"Краснодар, улица Лаперуза",2409,20181214,Качество дорожного покрытия,Разбита дорога,Дорога по ул. Лаперуза  г. Краснодар является муниципальной  по которой проходит общественный транспорт и школьные автобусы  однако  дорожное покрытие разбито  местами имея обрушения до 40 см и более.Необходим оперативный ремонт во избежания дорожно-транспортных происшествий.,,,,0,1,,45.109957,39.044097
45,Москва,45000000,"Москва, улица Покрышкина, 8к2",2396,20181213,Пешеходная инфраструктура,Организация пешеходного перехода,"Ул. Покрышкина  д. 8 (выход из комплекса на улицу Анохина).Напротив выхода из жилого комплекса (через ул. Анохина) находится детский сад. Чтобы отвезти ребенка из дома в садик приходится переходить ул. Анохина с активным движением автомобилей. Пешеходного перехода в данном месте нет. Никто из автовладельцев пешеходов не пропускает. Родители с детьми на руках перебегают дорогу перед машинами. НЕОБХОДИМО в кратчайшие сроки в данном месте (на приложенной карте место обозначено курсором) добавить пешеходный переход с обозначением знаками и ""зеброй""! ",,"По информации Государственного казенного учреждения города Москвы «Центр организации дорожного движения Правительства Москвы» (далее - ГКУ ЦОДД) в соответствии с Протоколом совещания у Мэра Москвы от 02.11.2015 «О реализации Государственной программы города Москвы «Развитие транспортной системы» осуществляется разработка и реализация второго этапа Комплексной системы организации дорожного движения (КСОДД) от Третьего транспортного кольца  до Московской кольцевой автодороги. КСОДД является документом по организации дорожного движения в городе Москве. Представляет собой решение по развитию организации движения: расстановку дорожных знаков  размещение пешеходных переходов  искусственных неровностей  парковочных мест  заездных карманов  светофоров  остановок общественного транспорта  количество полос для движения на улично-дорожной сети в городе Москве. Указанная улица включена в разработку второго этапа КСОДД. Проектной документаций предусмотрено проведение локальных мероприятий по переносу остановки для общественного транспорта к регулируемому пешеходному переходу  организованного на пересечениул. Покрышкина д. 5 - ул. Академика Анохина. Ориентировочный срок реализации второго этапа КСОДД на данном объекте улично-дорожной сети 2019 и последующие годы.Данный регулируемый пешеходный переход находится в шаговой доступности и обеспечивает безопасный проход пешеходов.Пешеходы при переходе через проезжую часть обязаны соблюдать раздел 4 Правил дорожного движения Российской Федерации.Дополнительно сообщаю  что контроль за соблюдением Правил дорожного движения Российской Федерации (ПДД РФ) на указанном участке улично-дорожной сети осуществляется отдельным батальоном ДПС ГИБДД УВД по ЗАО ГУ МВД России по городу Москве (далее - ОБ ДПС).В целях пресечения нарушений ПДД РФ пешеходами и водителями транспортных средств префектурой направлена информация в ОБ ДПС о принятии соответствующих мер в рамках полномочий.",Правительство Москвы,3,0,,55.666548,37.471093
40,Санкт-Петербург,40000000,"Санкт-Петербург, Ленинский проспект, 95к1",2394,20181213,Деятельность органов власти в сфере безопасности дорожного движения,Не работает полоса для маршрутных транспортных средств,Здравствуйте! Из-за огромных пробок на Юго-Западе города  пару лет назад была создана крайняя правая полоса для маршр. трансп. средств. Но она не работает абсолютно! Часть водителей едут по ней  как раньше  часть уезжает в карман и строят там огромный паровоз из машин  который на выезде у перекрестка с пр. Маршала Жукова  выезжают на проезжую часть перед общественным транспортом. В итоге  в утренний час пик  как мы ехали на троллейбусах минимум 20 - 30 мин 2 остановки (от ул. Котина до пр. Маршала Жукова)  так и ездим. Никто не отслеживает и не штрафует. Камера висит далеко после проблемного перекрестка и то на скорость. Либо надо что-то делать с въездами в карман  но это вряд-ли возможно и наказывать водителей  которые едут по этой полосе  либо для общественного транспорта надо создать выделенную  огороженную полосу в центре проезжей части  как это сделано  например на Лиговском проспекте. Хотя бы на участке от ул. Десантников до пр. Маршала Жукова. Это было бы идеальным решением! Так как в начале Ленинского пр. строится и сдаётся огромное количество высоток  то эта пробка вырастет на километры. Надеюсь Вы нам поможете. Спасибо.,,,,2,0,,59.85304,30.213963